{"name":"6abd4bd1-3933-4dcd-887e-43cc30b98f71","id":"/providers/Microsoft.Flow/flows/6abd4bd1-3933-4dcd-887e-43cc30b98f71","type":"Microsoft.Flow/flows","properties":{"apiId":"/providers/Microsoft.PowerApps/apis/shared_logicflows","displayName":"Raptor Environment Day Event","definition":{"metadata":{"workflowEntityId":null,"processAdvisorMetadata":null,"flowclientsuspensionreason":"None","flowclientsuspensiontime":null,"flowclientsuspensionreasondetails":null,"creator":{"id":"5dff46a8-aea1-4451-9954-f148740d43ae","type":"User","tenantId":"a81c6778-50fd-4429-a1d0-4b842da62dda"},"provisioningMethod":"FromDefinition","failureAlertSubscription":true,"clientLastModifiedTime":"2022-08-13T13:58:04.6376199Z"},"$schema":"https://schema.management.azure.com/providers/Microsoft.Logic/schemas/2016-06-01/workflowdefinition.json#","contentVersion":"1.0.0.0","parameters":{"$connections":{"defaultValue":{},"type":"Object"},"$authentication":{"defaultValue":{},"type":"SecureObject"}},"triggers":{"When_a_new_response_is_submitted":{"splitOn":"@triggerBody()?['value']","metadata":{"flowSystemMetadata":{"swaggerOperationId":"CreateFormWebhook"},"operationMetadataId":"5a857f76-865e-4e3e-aa85-adff5de4bc81"},"type":"ApiConnectionWebhook","inputs":{"host":{"connection":{"name":"@parameters('$connections')['shared_microsoftforms']['connectionId']"},"api":{"runtimeUrl":"https://flow-apim-unitedstates-002-westus-01.azure-apim.net/apim/microsoftforms"}},"body":{"eventType":"responseAdded","notificationUrl":"@{listCallbackUrl()}","source":"ms-connector"},"path":"/formapi/api/forms/@{encodeURIComponent('eGccqP1QKUSh0EuELaYt2qhG_12hrlFEmVTxSHQNQ65UQjdWSTU5TzRRNE1FT09OMVNHOTFFUzVRTS4u')}/webhooks","authentication":"@parameters('$authentication')"}}},"actions":{"Get_response_details":{"runAfter":{},"metadata":{"flowSystemMetadata":{"swaggerOperationId":"GetFormResponseById"},"operationMetadataId":"01752bdb-38fb-456c-b05c-9b757cfef775"},"type":"ApiConnection","inputs":{"host":{"connection":{"name":"@parameters('$connections')['shared_microsoftforms']['connectionId']"},"api":{"runtimeUrl":"https://flow-apim-unitedstates-002-westus-01.azure-apim.net/apim/microsoftforms"}},"method":"get","path":"/formapi/api/forms('@{encodeURIComponent('eGccqP1QKUSh0EuELaYt2qhG_12hrlFEmVTxSHQNQ65UQjdWSTU5TzRRNE1FT09OMVNHOTFFUzVRTS4u')}')/responses","queries":{"response_id":"@triggerBody()?['resourceData']?['responseId']"},"authentication":"@parameters('$authentication')"}},"Create_item":{"runAfter":{"Get_response_details":["Succeeded"]},"metadata":{"flowSystemMetadata":{"swaggerOperationId":"PostItem"},"operationMetadataId":"7d56c4ff-f4ce-4f5a-bb1b-502af16023e5"},"type":"ApiConnection","inputs":{"host":{"connection":{"name":"@parameters('$connections')['shared_sharepointonline']['connectionId']"},"api":{"runtimeUrl":"https://flow-apim-unitedstates-002-westus-01.azure-apim.net/apim/sharepointonline"}},"method":"post","body":{"Title":"@body('Get_response_details')?['rf005807c1aab454999e7f38309267dc6']","Email":"@body('Get_response_details')?['rcd85f3bcc3d6452d95f00368207a8d4d']","Designation":"@body('Get_response_details')?['r8fe614f6d8ef48b3897a7a5e040e090b']","Age":"@body('Get_response_details')?['rb88b76f0159144bd98e9edb488587696']","Location":"@body('Get_response_details')?['rbb6ec6afe31f4c81bcda6dedcacaf83a']","Whichdateyouareplanningtoattend_":"@body('Get_response_details')?['rac5df5a9eaec41adb2c321a6c732521e']","WouldyoulikentoattendLiveconfere":"@body('Get_response_details')?['ra41a07af2d95413680a073c335b4076b']","Wouldyouliketocontributesmallamo":"@body('Get_response_details')?['rd91d92b32ac041d9985dc864472706bc']"},"path":"/datasets/@{encodeURIComponent(encodeURIComponent('https://x4pry.sharepoint.com/sites/RaptorEnvironmentDayEvent'))}/tables/@{encodeURIComponent(encodeURIComponent('9a924431-f89a-4566-900b-d17648e0c5d1'))}/items","authentication":"@parameters('$authentication')"}},"Send_an_email":{"runAfter":{"Create_item":["Succeeded"]},"metadata":{"flowSystemMetadata":{"swaggerOperationId":"SendEmailV2"},"operationMetadataId":"3c6e7955-5b34-4efd-9534-75752f97baf3"},"type":"ApiConnection","inputs":{"host":{"connection":{"name":"@parameters('$connections')['shared_office365']['connectionId']"},"api":{"runtimeUrl":"https://flow-apim-unitedstates-002-westus-01.azure-apim.net/apim/office365"}},"method":"post","body":{"To":"@body('Create_item')?['Email']","Subject":"Raptor Environment Day Event -Confirmation Mail ","Body":"Hi @{body('Create_item')['Title']} ,\n\nwe are waiting for your presence on the event day.\n\nThanks,\nTeam-Raptor,\nSave Trees Save Earth.","Importance":""},"path":"/v2/Mail","authentication":"@parameters('$authentication')"}}},"outputs":{},"description":"When a new response is submitted to Microsoft Form, create an item in a SharePoint list, post message to a Microsoft Teams channel and send an email."},"connectionReferences":{"shared_microsoftforms":{"connectionName":"shared-microsoftform-23f9fa52-5ebe-4f62-89c9-893aea66ae4f","source":"Embedded","id":"/providers/Microsoft.PowerApps/apis/shared_microsoftforms","tier":"NotSpecified"},"shared_sharepointonline":{"connectionName":"shared-sharepointonl-d69ca7e4-0ea4-4798-b0f9-fd68e5e29dc4","source":"Embedded","id":"/providers/Microsoft.PowerApps/apis/shared_sharepointonline","tier":"NotSpecified"},"shared_office365":{"connectionName":"shared-office365-121b3dce-bcdc-48d5-8b55-fd7b8027ee10","source":"Embedded","id":"/providers/Microsoft.PowerApps/apis/shared_office365","tier":"NotSpecified"}},"flowFailureAlertSubscribed":false,"isManaged":false}}